Name,Date,Time,Screenshot
Avnish,2026-02-02,09-00-01,screenshot_2026-02-02.png
Avnish,2026-02-03,09-00-02,screenshot_2026-02-03.png
Avnish,2026-02-04,09-00-03,screenshot_2026-02-04.png
Avnish,2026-02-05,09-00-04,screenshot_2026-02-05.png
Avnish,2026-02-06,09-00-05,screenshot_2026-02-06.png

Avnish,2026-02-09,09-00-06,screenshot_2026-02-09.png
Avnish,2026-02-10,09-00-07,screenshot_2026-02-10.png
Avnish,2026-02-11,09-00-08,screenshot_2026-02-11.png
Avnish,2026-02-12,09-00-09,screenshot_2026-02-12.png
Avnish,2026-02-13,09-00-10,screenshot_2026-02-13.png

Avnish,2026-02-16,09-00-11,screenshot_2026-02-16.png
Avnish,2026-02-17,09-00-12,screenshot_2026-02-17.png
Avnish,2026-02-18,09-00-13,screenshot_2026-02-18.png
Avnish,2026-02-19,09-00-14,screenshot_2026-02-19.png
Avnish,2026-02-20,09-00-15,screenshot_2026-02-20.png

Avnish,2026-02-23,09-00-16,screenshot_2026-02-23.png
Avnish,2026-02-24,09-00-17,screenshot_2026-02-24.png
Avnish,2026-02-25,09-00-18,screenshot_2026-02-25.png
Avnish,2026-02-26,09-00-19,screenshot_2026-02-26.png
Avnish,2026-02-27,09-00-20,screenshot_2026-02-27.png
Student Name,2026-02-14,23-18-51,screenshot_2026-02-14_23-18-51.png
New_Student,2026-02-14,23-26-31,screenshot_2026-02-14_23-26-31.png
Pratham,2026-02-15,07-38-13,screenshot_2026-02-15_07-38-13.png
Aditiya Verma,2026-02-16,14-55-27,screenshot_2026-02-16_14-55-27.png
Keshav,2026-02-16,14-55-27,screenshot_2026-02-16_14-55-27.png
